Workbook

Sheet Chain
A1: =A2+1 -> 400 | B1: 5 | C1: 1 | E1: =SUM(D1:D120) -> 1.4028367e+25 | F1: =SUM(Feeder!A1:A20) -> 15620
A2: =A3+1 -> 399 | B2: =B1+2 -> 7 | C2: 1
A3: =A4+1 -> 398 | B3: =B2+2 -> 9 | C3: =SUM(C1:C2) -> 2
A4: =A5+1 -> 397 | B4: =B3+2 -> 11 | C4: =SUM(C2:C3) -> 3
A5: =A6+1 -> 396 | B5: =B4+2 -> 13 | C5: =SUM(C3:C4) -> 5
A6: =A7+1 -> 395 | B6: =B5+2 -> 15 | C6: =SUM(C4:C5) -> 8
A7: =A8+1 -> 394 | B7: =B6+2 -> 17 | C7: =SUM(C5:C6) -> 13
A8: =A9+1 -> 393 | B8: =B7+2 -> 19 | C8: =SUM(C6:C7) -> 21
A9: =A10+1 -> 392 | B9: =B8+2 -> 21 | C9: =SUM(C7:C8) -> 34
A10: =A11+1 -> 391 | B10: =B9+2 -> 23 | C10: =SUM(C8:C9) -> 55 | D10: =SUM(C1:C10) -> 143
A11: =A12+1 -> 390 | B11: =B10+2 -> 25 | C11: =SUM(C9:C10) -> 89
A12: =A13+1 -> 389 | B12: =B11+2 -> 27 | C12: =SUM(C10:C11) -> 144
A13: =A14+1 -> 388 | B13: =B12+2 -> 29 | C13: =SUM(C11:C12) -> 233
A14: =A15+1 -> 387 | B14: =B13+2 -> 31 | C14: =SUM(C12:C13) -> 377
A15: =A16+1 -> 386 | B15: =B14+2 -> 33 | C15: =SUM(C13:C14) -> 610
A16: =A17+1 -> 385 | B16: =B15+2 -> 35 | C16: =SUM(C14:C15) -> 987
A17: =A18+1 -> 384 | B17: =B16+2 -> 37 | C17: =SUM(C15:C16) -> 1597
A18: =A19+1 -> 383 | B18: =B17+2 -> 39 | C18: =SUM(C16:C17) -> 2584
A19: =A20+1 -> 382 | B19: =B18+2 -> 41 | C19: =SUM(C17:C18) -> 4181
A20: =A21+1 -> 381 | B20: =B19+2 -> 43 | C20: =SUM(C18:C19) -> 6765 | D20: =SUM(C11:C20) -> 17567
A21: =A22+1 -> 380 | B21: =B20+2 -> 45 | C21: =SUM(C19:C20) -> 10946
A22: =A23+1 -> 379 | B22: =B21+2 -> 47 | C22: =SUM(C20:C21) -> 17711
A23: =A24+1 -> 378 | B23: =B22+2 -> 49 | C23: =SUM(C21:C22) -> 28657
A24: =A25+1 -> 377 | B24: =B23+2 -> 51 | C24: =SUM(C22:C23) -> 46368
A25: =A26+1 -> 376 | B25: =B24+2 -> 53 | C25: =SUM(C23:C24) -> 75025
A26: =A27+1 -> 375 | B26: =B25+2 -> 55 | C26: =SUM(C24:C25) -> 121393
A27: =A28+1 -> 374 | B27: =B26+2 -> 57 | C27: =SUM(C25:C26) -> 196418
A28: =A29+1 -> 373 | B28: =B27+2 -> 59 | C28: =SUM(C26:C27) -> 317811
A29: =A30+1 -> 372 | B29: =B28+2 -> 61 | C29: =SUM(C27:C28) -> 514229
A30: =A31+1 -> 371 | B30: =B29+2 -> 63 | C30: =SUM(C28:C29) -> 832040 | D30: =SUM(C21:C30) -> 2160598
A31: =A32+1 -> 370 | B31: =B30+2 -> 65 | C31: =SUM(C29:C30) -> 1346269
A32: =A33+1 -> 369 | B32: =B31+2 -> 67 | C32: =SUM(C30:C31) -> 2178309
A33: =A34+1 -> 368 | B33: =B32+2 -> 69 | C33: =SUM(C31:C32) -> 3524578
A34: =A35+1 -> 367 | B34: =B33+2 -> 71 | C34: =SUM(C32:C33) -> 5702887
A35: =A36+1 -> 366 | B35: =B34+2 -> 73 | C35: =SUM(C33:C34) -> 9227465
A36: =A37+1 -> 365 | B36: =B35+2 -> 75 | C36: =SUM(C34:C35) -> 14930352
A37: =A38+1 -> 364 | B37: =B36+2 -> 77 | C37: =SUM(C35:C36) -> 24157817
A38: =A39+1 -> 363 | B38: =B37+2 -> 79 | C38: =SUM(C36:C37) -> 39088169
A39: =A40+1 -> 362 | B39: =B38+2 -> 81 | C39: =SUM(C37:C38) -> 63245986
A40: =A41+1 -> 361 | B40: =B39+2 -> 83 | C40: =SUM(C38:C39) -> 102334155 | D40: =SUM(C31:C40) -> 265735987
A41: =A42+1 -> 360 | B41: =B40+2 -> 85 | C41: =SUM(C39:C40) -> 165580141
A42: =A43+1 -> 359 | B42: =B41+2 -> 87 | C42: =SUM(C40:C41) -> 267914296
A43: =A44+1 -> 358 | B43: =B42+2 -> 89 | C43: =SUM(C41:C42) -> 433494437
A44: =A45+1 -> 357 | B44: =B43+2 -> 91 | C44: =SUM(C42:C43) -> 701408733
A45: =A46+1 -> 356 | B45: =B44+2 -> 93 | C45: =SUM(C43:C44) -> 1134903170
A46: =A47+1 -> 355 | B46: =B45+2 -> 95 | C46: =SUM(C44:C45) -> 1836311903
A47: =A48+1 -> 354 | B47: =B46+2 -> 97 | C47: =SUM(C45:C46) -> 2971215073
A48: =A49+1 -> 353 | B48: =B47+2 -> 99 | C48: =SUM(C46:C47) -> 4807526976
A49: =A50+1 -> 352 | B49: =B48+2 -> 101 | C49: =SUM(C47:C48) -> 7778742049
A50: =A51+1 -> 351 | B50: =B49+2 -> 103 | C50: =SUM(C48:C49) -> 12586269025 | D50: =SUM(C41:C50) -> 32683365803
A51: =A52+1 -> 350 | B51: =B50+2 -> 105 | C51: =SUM(C49:C50) -> 20365011074
A52: =A53+1 -> 349 | B52: =B51+2 -> 107 | C52: =SUM(C50:C51) -> 32951280099
A53: =A54+1 -> 348 | B53: =B52+2 -> 109 | C53: =SUM(C51:C52) -> 53316291173
A54: =A55+1 -> 347 | B54: =B53+2 -> 111 | C54: =SUM(C52:C53) -> 86267571272
A55: =A56+1 -> 346 | B55: =B54+2 -> 113 | C55: =SUM(C53:C54) -> 139583862445
A56: =A57+1 -> 345 | B56: =B55+2 -> 115 | C56: =SUM(C54:C55) -> 225851433717
A57: =A58+1 -> 344 | B57: =B56+2 -> 117 | C57: =SUM(C55:C56) -> 365435296162
A58: =A59+1 -> 343 | B58: =B57+2 -> 119 | C58: =SUM(C56:C57) -> 591286729879
A59: =A60+1 -> 342 | B59: =B58+2 -> 121 | C59: =SUM(C57:C58) -> 956722026041
A60: =A61+1 -> 341 | B60: =B59+2 -> 123 | C60: =SUM(C58:C59) -> 1548008755920 | D60: =SUM(C51:C60) -> 4019788257782
A61: =A62+1 -> 340 | B61: =B60+2 -> 125 | C61: =SUM(C59:C60) -> 2504730781961
A62: =A63+1 -> 339 | B62: =B61+2 -> 127 | C62: =SUM(C60:C61) -> 4052739537881
A63: =A64+1 -> 338 | B63: =B62+2 -> 129 | C63: =SUM(C61:C62) -> 6557470319842
A64: =A65+1 -> 337 | B64: =B63+2 -> 131 | C64: =SUM(C62:C63) -> 10610209857723
A65: =A66+1 -> 336 | B65: =B64+2 -> 133 | C65: =SUM(C63:C64) -> 17167680177565
A66: =A67+1 -> 335 | B66: =B65+2 -> 135 | C66: =SUM(C64:C65) -> 27777890035288
A67: =A68+1 -> 334 | B67: =B66+2 -> 137 | C67: =SUM(C65:C66) -> 44945570212853
A68: =A69+1 -> 333 | B68: =B67+2 -> 139 | C68: =SUM(C66:C67) -> 72723460248141
A69: =A70+1 -> 332 | B69: =B68+2 -> 141 | C69: =SUM(C67:C68) -> 117669030460994
A70: =A71+1 -> 331 | B70: =B69+2 -> 143 | C70: =SUM(C68:C69) -> 190392490709135 | D70: =SUM(C61:C70) -> 494401272341383
A71: =A72+1 -> 330 | B71: =B70+2 -> 145 | C71: =SUM(C69:C70) -> 308061521170129
A72: =A73+1 -> 329 | B72: =B71+2 -> 147 | C72: =SUM(C70:C71) -> 498454011879264
A73: =A74+1 -> 328 | B73: =B72+2 -> 149 | C73: =SUM(C71:C72) -> 806515533049393
A74: =A75+1 -> 327 | B74: =B73+2 -> 151 | C74: =SUM(C72:C73) -> 1.3049695e+15
A75: =A76+1 -> 326 | B75: =B74+2 -> 153 | C75: =SUM(C73:C74) -> 2.1114851e+15
A76: =A77+1 -> 325 | B76: =B75+2 -> 155 | C76: =SUM(C74:C75) -> 3.4164546e+15
A77: =A78+1 -> 324 | B77: =B76+2 -> 157 | C77: =SUM(C75:C76) -> 5.5279397e+15
A78: =A79+1 -> 323 | B78: =B77+2 -> 159 | C78: =SUM(C76:C77) -> 8.9443943e+15
A79: =A80+1 -> 322 | B79: =B78+2 -> 161 | C79: =SUM(C77:C78) -> 1.4472334e+16
A80: =A81+1 -> 321 | B80: =B79+2 -> 163 | C80: =SUM(C78:C79) -> 2.3416728e+16 | D80: =SUM(C71:C80) -> 6.0807337e+16
A81: =A82+1 -> 320 | B81: =B80+2 -> 165 | C81: =SUM(C79:C80) -> 3.7889062e+16
A82: =A83+1 -> 319 | B82: =B81+2 -> 167 | C82: =SUM(C80:C81) -> 6.1305791e+16
A83: =A84+1 -> 318 | B83: =B82+2 -> 169 | C83: =SUM(C81:C82) -> 9.9194853e+16
A84: =A85+1 -> 317 | B84: =B83+2 -> 171 | C84: =SUM(C82:C83) -> 1.6050064e+17
A85: =A86+1 -> 316 | B85: =B84+2 -> 173 | C85: =SUM(C83:C84) -> 2.596955e+17
A86: =A87+1 -> 315 | B86: =B85+2 -> 175 | C86: =SUM(C84:C85) -> 4.2019614e+17
A87: =A88+1 -> 314 | B87: =B86+2 -> 177 | C87: =SUM(C85:C86) -> 6.7989164e+17
A88: =A89+1 -> 313 | B88: =B87+2 -> 179 | C88: =SUM(C86:C87) -> 1.1000878e+18
A89: =A90+1 -> 312 | B89: =B88+2 -> 181 | C89: =SUM(C87:C88) -> 1.7799794e+18
A90: =A91+1 -> 311 | B90: =B89+2 -> 183 | C90: =SUM(C88:C89) -> 2.8800672e+18 | D90: =SUM(C81:C90) -> 7.478808e+18
A91: =A92+1 -> 310 | B91: =B90+2 -> 185 | C91: =SUM(C89:C90) -> 4.6600466e+18
A92: =A93+1 -> 309 | B92: =B91+2 -> 187 | C92: =SUM(C90:C91) -> 7.5401138e+18
A93: =A94+1 -> 308 | B93: =B92+2 -> 189 | C93: =SUM(C91:C92) -> 1.220016e+19
A94: =A95+1 -> 307 | B94: =B93+2 -> 191 | C94: =SUM(C92:C93) -> 1.9740274e+19
A95: =A96+1 -> 306 | B95: =B94+2 -> 193 | C95: =SUM(C93:C94) -> 3.1940435e+19
A96: =A97+1 -> 305 | B96: =B95+2 -> 195 | C96: =SUM(C94:C95) -> 5.1680709e+19
A97: =A98+1 -> 304 | B97: =B96+2 -> 197 | C97: =SUM(C95:C96) -> 8.3621143e+19
A98: =A99+1 -> 303 | B98: =B97+2 -> 199 | C98: =SUM(C96:C97) -> 1.3530185e+20
A99: =A100+1 -> 302 | B99: =B98+2 -> 201 | C99: =SUM(C97:C98) -> 2.18923e+20
A100: =A101+1 -> 301 | B100: =B99+2 -> 203 | C100: =SUM(C98:C99) -> 3.5422485e+20 | D100: =SUM(C91:C100) -> 9.1983258e+20
...

Sheet Feeder
A1: =Chain!A1*2 -> 800
A2: =Chain!A2*2 -> 798
A3: =Chain!A3*2 -> 796
A4: =Chain!A4*2 -> 794
A5: =Chain!A5*2 -> 792
A6: =Chain!A6*2 -> 790
A7: =Chain!A7*2 -> 788
A8: =Chain!A8*2 -> 786
A9: =Chain!A9*2 -> 784
A10: =Chain!A10*2 -> 782
A11: =Chain!A11*2 -> 780
A12: =Chain!A12*2 -> 778
... A20: =Chain!A20*2 -> 762
